<?xml version="1.0" encoding="UTF-8"?>
<routes>
	<!-- 每一条线路一个item -->
	<item url="线路URL 必填" 
		title="线路标题 必填"
		subject="线路主题 必填 如常规游"
		price="线路报价 必填" 
		route_snapShot="线路图片url 多个图片则以英文逗号分割 长宽尽量大于480像素画面清晰无logo" 
		function="跟团游/自由行 必填" 
		departure="出发城市 必填" 
		arrive="目的地城市 多个城市则以英文逗号分割 必填" 
		type="国内游/出境游" 
		dateOfDeparture="出发时间 必填 格式yyyy-MM-dd" 
		plainDateString="出发时间原始字符串 如天天发团 周二发团"
		dateOfExpire="结束时间 必填 格式yyyy-MM-dd" 
		dateOfBookingExpire="报名截止时间 格式yyyy-MM-dd" 
		itineraryDay="行程天数 必填 正整数" 
		traffic="交通方式 如双飞往返"
		totraffic="飞机去/火车去/汽车去/邮轮去"
		backtraffic="飞机返/火车返/汽车返/邮轮返"
		spotOfDeparture="出发集合地点"
		spotOfBack="返回地点"
		cityOfBook="预订城市 线路报名城市与发团城市不相同时提供"
		passbyCity="经停城市"
		transferCity="转机城市"
		priceDiff="价格单房差"
		starGrade="住宿星级 正整数"
		hotelSelectable="自由行是否可选酒店"
		flightSelectable="自由行是否可选航班"
		teamno="团号"
		hotelnight="停留几晚"
		advanceday="提前报名天数 正整数"
		sightSpot="途经景点 多个则以英文逗号分割">
		<!-- 行程特色features 必填 -->
		<features>
			<feature>线路特色一</feature>
			<feature>线路特色二</feature>
			<feature>线路特色三</feature>
		</features>
		<!-- 特别提醒 -->
		<tips>特别提醒 每行用\r\n分隔</tips>
		<!-- 预定条款 -->
		<bookingTerms>预定条款 每行用\r\n分隔</bookingTerms>
		<!-- 签证信息 -->
		<visaInfos>签证信息 每行用\r\n分隔</visaInfos>
		<!-- 费用包含-->
		<feeInclude>费用包含 文本，每行用\r\n分隔</feeInclude>
		<!-- 费用不含-->
		<feeExclude>费用不含 文本，每行用\r\n分隔</feeExclude>
		<!-- 自费项目-->
		<ownExpense>自费项目 文本，每行用\r\n分隔</ownExpense>
		<!-- 签约方式 -->
		<contractStyle>签约方式 每行用\r\n分隔</contractStyle>
		<!-- 优惠 -->
		<promotion>
		<![CDATA[
			文本，需去除html标签，只保留换行格式,行之间用\r\n隔开；字数<300字；
			内容必须是针对单条线路的打折、减价等优惠信息，对方的线路detail页必须有与之对应的优惠内容
		]]>
		</promotion>
		<!-- 文本。 若自由行详细酒店信息freeTripHotels信息无法提供， 可以提供此字段， 
			该字段会以文本的形式在详情页展示。 若freeTripHotels信息可以提供， 
			则该字段不必提供， 因为详情页会优先考虑freeTripHotels信息， 忽略该字段。 不要有样式信息。 -->
		<freeTripHotelInfo>文本</freeTripHotelInfo>
		<!-- 文本。类似于freeTripHotelInfo字段， 若自由行详细机票信息freeTripFlights信息无法提供， 
			可以提供此字段， 该字段会以文本的形式在详情页展示。 若freeTripFlights信息可以提供， 则该字段不必提供， 
			因为详情页会优先考虑freeTripFlights信息， 忽略该字段。 不要有样式信息。 -->
		<freeTripFlightInfo>文本</freeTripFlightInfo>
		<!-- 每日行程描述miscellaneous 每天一条 必填 -->
		<miscellaneous>
			<itineraryDay 
				day="天数 必填 如：第一天 1" 
				title="每日行程标题 必填" 
				spotPerDay="每日游览景点"
				beverage="每日餐饮"
				traffic="每日交通方式"
				accommodation="每日住宿">
				<!-- itineraryDay标签内具体行程内容-->
				每日行程描述
				到柔软洁白的沙滩上玩玩沙雕，捡捡贝壳******
			</itineraryDay>
			<itineraryDay/>
		</miscellaneous>
		<!-- 价格日期表 必填 -->
		<routeDates>
			<routeDate 
				date="日期 格式yyyy-MM-dd 必填"
				price="每日价格 "
				priceOfChild="每日儿童价"
				retainCount="该日可预订人数"
				bookingUrl="对应该団期的"
				priceDiff="价格单房差"
				roomtype="房型"
				pricedesc="起价说明 不能超过500个字符，需去除html标签">
			</routeDate>
			<routeDate></routeDate>
		</routeDates>
		<!-- 针对自由行酒店信息 -->
		<freeTripHotels>
			<freeTripHotel 
				hotelName="酒店名称"
				hotelCity="酒店所处城市"
				hotelStar="酒店星级"
				hotelType="酒店类型"
				hotelAddress="酒店地址"
				beverage ="含餐"
				roomType="房型"
				num="房间人数"
				bedType="床型"
				images="酒店图片"
				introductions="酒店介绍"
				website="酒店链接"
				net="酒店网络信息"
				day="入住的日期的编号">
				<roomTypeDesc
					typeName=""
					bedType=""
					num=""
					beverage=""
					Price="">
					
				</roomTypeDesc>
			</freeTripHotel>
			<freeTripHotel/>
		</freeTripHotels>
		<!-- 针对自由行机票信息 -->
		<freeTripFlights>
			<freeTripFlight 
				flightNo="航班号  必填"
				flightCompany="航空公司名称  必填"
				code="航空公司的二字码  必填 如CA"
				flagtype="去程航班/返程航班区别标志位"
				depcity="始发地"
				depairport="始发机场"
				deptime="起飞时间 格式 MM:dd"
				arrcity="目的地"
				arrairport="目的地机场"
				arrtime="降落时间 MM:dd"
				plantype="机型"
				flightgroup="机票去程+回程搭配"
				segno="航段的分组信息,同segno的为一个航段线路">
			</freeTripFlight>
			<freeTripFlight/>
		</freeTripFlights>
		<!-- 油轮信息 -->
		<ship shipName="海洋神话号" 
			company="歌诗达邮轮" 
			voyageRegion="日韩航线" 
			fromHub="天津" 
			toHub="洛杉矶"
			cities="中国(上海,天津),美国(洛杉矶)" 
			voyageImg="http://www.66cruises.com/upload/201002/2611/20100226113223.jpg" 
			dates="2010-10-01,2010-10-10">
			<roomPrices>
				<roomPrice 
					date="日期 格式yyyy-MM-dd"
					roomType="房型"
					floor="楼层"
					price="价格"
					desc="房型描述">
				</roomPrice>
				<roomPrice></roomPrice>
			</roomPrices>
		</ship>
	</item>
</routes>